support,itemsets
0.16046666666666667,frozenset({'Apple'})
0.16303333333333334,frozenset({'Banana'})
0.16496666666666668,frozenset({'Beans'})
0.16233333333333333,frozenset({'Bread'})
0.16203333333333333,frozenset({'Butter'})
0.23273333333333332,frozenset({'Cereal'})
0.16526666666666667,frozenset({'Cheese'})
0.16603333333333334,frozenset({'Chicken'})
0.1637,frozenset({'Chickpeas'})
0.1617,frozenset({'Chips'})
0.1608,frozenset({'Chocolate'})
0.16336666666666666,frozenset({'Cola'})
0.16393333333333332,frozenset({'Cookie'})
0.16236666666666666,frozenset({'Cracker'})
0.15993333333333334,frozenset({'Cucumber'})
0.15736666666666665,frozenset({'Detergent'})
0.16256666666666666,frozenset({'Dish Sponge'})
0.1626,frozenset({'Dumpling'})
0.1621,frozenset({'Egg'})
0.1636,frozenset({'Fish'})
0.16263333333333332,frozenset({'Flatbread with Meat'})
0.1612,frozenset({'Honey'})
0.16793333333333332,frozenset({'Ice Cream'})
0.1653,frozenset({'Juice'})
0.1617,frozenset({'Lentil'})
0.16266666666666665,frozenset({'Milk'})
0.1631,frozenset({'Minced Meat'})
0.1624,frozenset({'Onion'})
0.16483333333333333,frozenset({'Orange'})
0.15943333333333334,frozenset({'Pizza'})
0.16206666666666666,frozenset({'Potato'})
0.16266666666666665,frozenset({'Rice'})
0.1644,frozenset({'Sausage'})
0.16176666666666667,frozenset({'Shampoo'})
0.16506666666666667,frozenset({'Soap'})
0.1658,frozenset({'Soda'})
0.16346666666666668,frozenset({'Strawberry'})
0.16256666666666666,frozenset({'Tomato'})
0.15996666666666667,frozenset({'Water'})
0.16376666666666667,frozenset({'Yogurt'})
0.0261,"frozenset({'Apple', 'Banana'})"
0.0259,"frozenset({'Apple', 'Beans'})"
0.024833333333333332,"frozenset({'Apple', 'Bread'})"
0.025533333333333335,"frozenset({'Apple', 'Butter'})"
0.0355,"frozenset({'Apple', 'Cereal'})"
0.027166666666666665,"frozenset({'Apple', 'Cheese'})"
0.027066666666666666,"frozenset({'Apple', 'Chicken'})"
0.0282,"frozenset({'Apple', 'Chickpeas'})"
0.0241,"frozenset({'Apple', 'Chips'})"
0.026166666666666668,"frozenset({'Apple', 'Chocolate'})"
0.025666666666666667,"frozenset({'Apple', 'Cola'})"
0.025933333333333333,"frozenset({'Apple', 'Cookie'})"
0.027333333333333334,"frozenset({'Apple', 'Cracker'})"
0.0255,"frozenset({'Apple', 'Cucumber'})"
0.026166666666666668,"frozenset({'Apple', 'Detergent'})"
0.0259,"frozenset({'Apple', 'Dish Sponge'})"
0.026266666666666667,"frozenset({'Apple', 'Dumpling'})"
0.0253,"frozenset({'Apple', 'Egg'})"
0.0269,"frozenset({'Apple', 'Fish'})"
0.0266,"frozenset({'Apple', 'Flatbread with Meat'})"
0.026333333333333334,"frozenset({'Apple', 'Honey'})"
0.027066666666666666,"frozenset({'Apple', 'Ice Cream'})"
0.026266666666666667,"frozenset({'Apple', 'Juice'})"
0.0255,"frozenset({'Apple', 'Lentil'})"
0.025533333333333335,"frozenset({'Apple', 'Milk'})"
0.025966666666666666,"frozenset({'Apple', 'Minced Meat'})"
0.0249,"frozenset({'Apple', 'Onion'})"
0.026566666666666666,"frozenset({'Apple', 'Orange'})"
0.025533333333333335,"frozenset({'Apple', 'Pizza'})"
0.0259,"frozenset({'Apple', 'Potato'})"
0.026033333333333332,"frozenset({'Apple', 'Rice'})"
0.027533333333333333,"frozenset({'Apple', 'Sausage'})"
0.0261,"frozenset({'Apple', 'Shampoo'})"
0.026766666666666668,"frozenset({'Apple', 'Soap'})"
0.0268,"frozenset({'Apple', 'Soda'})"
0.0248,"frozenset({'Apple', 'Strawberry'})"
0.025466666666666665,"frozenset({'Apple', 'Tomato'})"
0.024566666666666667,"frozenset({'Apple', 'Water'})"
0.026233333333333334,"frozenset({'Apple', 'Yogurt'})"
0.028366666666666665,"frozenset({'Banana', 'Beans'})"
0.026,"frozenset({'Banana', 'Bread'})"
0.02666666666666667,"frozenset({'Banana', 'Butter'})"
0.037366666666666666,"frozenset({'Cereal', 'Banana'})"
0.026066666666666665,"frozenset({'Cheese', 'Banana'})"
0.026966666666666667,"frozenset({'Chicken', 'Banana'})"
0.026733333333333335,"frozenset({'Banana', 'Chickpeas'})"
0.026566666666666666,"frozenset({'Chips', 'Banana'})"
0.025833333333333333,"frozenset({'Chocolate', 'Banana'})"
0.0269,"frozenset({'Banana', 'Cola'})"
0.027633333333333333,"frozenset({'Cookie', 'Banana'})"
0.02666666666666667,"frozenset({'Banana', 'Cracker'})"
0.025333333333333333,"frozenset({'Banana', 'Cucumber'})"
0.027166666666666665,"frozenset({'Banana', 'Detergent'})"
0.0264,"frozenset({'Banana', 'Dish Sponge'})"
0.027933333333333334,"frozenset({'Banana', 'Dumpling'})"
0.027033333333333333,"frozenset({'Banana', 'Egg'})"
0.0264,"frozenset({'Fish', 'Banana'})"
0.027333333333333334,"frozenset({'Flatbread with Meat', 'Banana'})"
0.027533333333333333,"frozenset({'Honey', 'Banana'})"
0.026366666666666667,"frozenset({'Ice Cream', 'Banana'})"
0.0265,"frozenset({'Banana', 'Juice'})"
0.025866666666666666,"frozenset({'Lentil', 'Banana'})"
0.026866666666666667,"frozenset({'Banana', 'Milk'})"
0.0271,"frozenset({'Banana', 'Minced Meat'})"
0.0258,"frozenset({'Banana', 'Onion'})"
0.0267,"frozenset({'Orange', 'Banana'})"
0.026866666666666667,"frozenset({'Pizza', 'Banana'})"
0.025833333333333333,"frozenset({'Banana', 'Potato'})"
0.025833333333333333,"frozenset({'Rice', 'Banana'})"
0.026933333333333333,"frozenset({'Banana', 'Sausage'})"
0.0258,"frozenset({'Banana', 'Shampoo'})"
0.025933333333333333,"frozenset({'Banana', 'Soap'})"
0.026933333333333333,"frozenset({'Soda', 'Banana'})"
0.026566666666666666,"frozenset({'Banana', 'Strawberry'})"
0.024633333333333333,"frozenset({'Tomato', 'Banana'})"
0.025266666666666666,"frozenset({'Water', 'Banana'})"
0.026233333333333334,"frozenset({'Banana', 'Yogurt'})"
0.0259,"frozenset({'Beans', 'Bread'})"
0.027333333333333334,"frozenset({'Beans', 'Butter'})"
0.03866666666666667,"frozenset({'Cereal', 'Beans'})"
0.026833333333333334,"frozenset({'Cheese', 'Beans'})"
0.025733333333333334,"frozenset({'Chicken', 'Beans'})"
0.026333333333333334,"frozenset({'Beans', 'Chickpeas'})"
0.025766666666666667,"frozenset({'Chips', 'Beans'})"
0.025966666666666666,"frozenset({'Chocolate', 'Beans'})"
0.026066666666666665,"frozenset({'Beans', 'Cola'})"
0.027333333333333334,"frozenset({'Cookie', 'Beans'})"
0.0258,"frozenset({'Beans', 'Cracker'})"
0.026933333333333333,"frozenset({'Beans', 'Cucumber'})"
0.025833333333333333,"frozenset({'Beans', 'Detergent'})"
0.0261,"frozenset({'Beans', 'Dish Sponge'})"
0.027833333333333335,"frozenset({'Beans', 'Dumpling'})"
0.027,"frozenset({'Beans', 'Egg'})"
0.027466666666666667,"frozenset({'Fish', 'Beans'})"
0.0277,"frozenset({'Flatbread with Meat', 'Beans'})"
0.026866666666666667,"frozenset({'Honey', 'Beans'})"
0.0272,"frozenset({'Ice Cream', 'Beans'})"
0.025733333333333334,"frozenset({'Beans', 'Juice'})"
0.027833333333333335,"frozenset({'Lentil', 'Beans'})"
0.025666666666666667,"frozenset({'Milk', 'Beans'})"
0.027933333333333334,"frozenset({'Beans', 'Minced Meat'})"
0.02723333333333333,"frozenset({'Beans', 'Onion'})"
0.027366666666666668,"frozenset({'Orange', 'Beans'})"
0.026266666666666667,"frozenset({'Pizza', 'Beans'})"
0.0263,"frozenset({'Beans', 'Potato'})"
0.026966666666666667,"frozenset({'Rice', 'Beans'})"
0.0275,"frozenset({'Beans', 'Sausage'})"
0.027933333333333334,"frozenset({'Beans', 'Shampoo'})"
0.026966666666666667,"frozenset({'Beans', 'Soap'})"
0.027733333333333332,"frozenset({'Soda', 'Beans'})"
0.026866666666666667,"frozenset({'Beans', 'Strawberry'})"
0.0249,"frozenset({'Tomato', 'Beans'})"
0.0264,"frozenset({'Water', 'Beans'})"
0.0258,"frozenset({'Beans', 'Yogurt'})"
0.0257,"frozenset({'Butter', 'Bread'})"
0.03816666666666667,"frozenset({'Cereal', 'Bread'})"
0.0268,"frozenset({'Cheese', 'Bread'})"
0.0275,"frozenset({'Chicken', 'Bread'})"
0.027133333333333332,"frozenset({'Bread', 'Chickpeas'})"
0.0255,"frozenset({'Chips', 'Bread'})"
0.0262,"frozenset({'Chocolate', 'Bread'})"
0.026733333333333335,"frozenset({'Bread', 'Cola'})"
0.028066666666666667,"frozenset({'Cookie', 'Bread'})"
0.025966666666666666,"frozenset({'Cracker', 'Bread'})"
0.026966666666666667,"frozenset({'Cucumber', 'Bread'})"
0.024066666666666667,"frozenset({'Bread', 'Detergent'})"
0.0262,"frozenset({'Dish Sponge', 'Bread'})"
0.026833333333333334,"frozenset({'Dumpling', 'Bread'})"
0.026166666666666668,"frozenset({'Egg', 'Bread'})"
0.026266666666666667,"frozenset({'Fish', 'Bread'})"
0.025666666666666667,"frozenset({'Flatbread with Meat', 'Bread'})"
0.02723333333333333,"frozenset({'Honey', 'Bread'})"
0.027166666666666665,"frozenset({'Ice Cream', 'Bread'})"
0.026066666666666665,"frozenset({'Juice', 'Bread'})"
0.025533333333333335,"frozenset({'Lentil', 'Bread'})"
0.02666666666666667,"frozenset({'Milk', 'Bread'})"
0.025966666666666666,"frozenset({'Bread', 'Minced Meat'})"
0.0267,"frozenset({'Bread', 'Onion'})"
0.025966666666666666,"frozenset({'Orange', 'Bread'})"
0.026033333333333332,"frozenset({'Pizza', 'Bread'})"
0.025833333333333333,"frozenset({'Potato', 'Bread'})"
0.026866666666666667,"frozenset({'Rice', 'Bread'})"
0.026566666666666666,"frozenset({'Bread', 'Sausage'})"
0.0262,"frozenset({'Bread', 'Shampoo'})"
0.025466666666666665,"frozenset({'Bread', 'Soap'})"
0.025566666666666668,"frozenset({'Soda', 'Bread'})"
0.026633333333333332,"frozenset({'Strawberry', 'Bread'})"
0.025166666666666667,"frozenset({'Tomato', 'Bread'})"
0.025666666666666667,"frozenset({'Water', 'Bread'})"
0.025733333333333334,"frozenset({'Yogurt', 'Bread'})"
0.038733333333333335,"frozenset({'Cereal', 'Butter'})"
0.0262,"frozenset({'Cheese', 'Butter'})"
0.026366666666666667,"frozenset({'Chicken', 'Butter'})"
0.026866666666666667,"frozenset({'Butter', 'Chickpeas'})"
0.026066666666666665,"frozenset({'Chips', 'Butter'})"
0.0251,"frozenset({'Chocolate', 'Butter'})"
0.025933333333333333,"frozenset({'Butter', 'Cola'})"
0.0266,"frozenset({'Cookie', 'Butter'})"
0.025733333333333334,"frozenset({'Butter', 'Cracker'})"
0.025366666666666666,"frozenset({'Butter', 'Cucumber'})"
0.025733333333333334,"frozenset({'Butter', 'Detergent'})"
0.0261,"frozenset({'Butter', 'Dish Sponge'})"
0.0256,"frozenset({'Butter', 'Dumpling'})"
0.026133333333333335,"frozenset({'Butter', 'Egg'})"
0.027166666666666665,"frozenset({'Fish', 'Butter'})"
0.027433333333333334,"frozenset({'Flatbread with Meat', 'Butter'})"
0.0263,"frozenset({'Honey', 'Butter'})"
0.026833333333333334,"frozenset({'Ice Cream', 'Butter'})"
0.027866666666666668,"frozenset({'Butter', 'Juice'})"
0.0255,"frozenset({'Lentil', 'Butter'})"
0.027,"frozenset({'Milk', 'Butter'})"
0.026766666666666668,"frozenset({'Butter', 'Minced Meat'})"
0.026466666666666666,"frozenset({'Butter', 'Onion'})"
0.0265,"frozenset({'Orange', 'Butter'})"
0.0254,"frozenset({'Pizza', 'Butter'})"
0.024566666666666667,"frozenset({'Butter', 'Potato'})"
0.024833333333333332,"frozenset({'Rice', 'Butter'})"
0.026,"frozenset({'Butter', 'Sausage'})"
0.026,"frozenset({'Butter', 'Shampoo'})"
0.0264,"frozenset({'Butter', 'Soap'})"
0.025233333333333333,"frozenset({'Soda', 'Butter'})"
0.0246,"frozenset({'Butter', 'Strawberry'})"
0.0265,"frozenset({'Tomato', 'Butter'})"
0.025133333333333334,"frozenset({'Water', 'Butter'})"
0.026866666666666667,"frozenset({'Butter', 'Yogurt'})"
0.039733333333333336,"frozenset({'Cereal', 'Cheese'})"
0.037866666666666667,"frozenset({'Cereal', 'Chicken'})"
0.0373,"frozenset({'Cereal', 'Chickpeas'})"
0.038233333333333334,"frozenset({'Chips', 'Cereal'})"
0.038933333333333334,"frozenset({'Cereal', 'Chocolate'})"
0.037566666666666665,"frozenset({'Cereal', 'Cola'})"
0.038233333333333334,"frozenset({'Cereal', 'Cookie'})"
0.037866666666666667,"frozenset({'Cereal', 'Cracker'})"
0.0386,"frozenset({'Cereal', 'Cucumber'})"
0.03556666666666667,"frozenset({'Cereal', 'Detergent'})"
0.0364,"frozenset({'Cereal', 'Dish Sponge'})"
0.0377,"frozenset({'Cereal', 'Dumpling'})"
0.037066666666666664,"frozenset({'Cereal', 'Egg'})"
0.038533333333333336,"frozenset({'Cereal', 'Fish'})"
0.0368,"frozenset({'Flatbread with Meat', 'Cereal'})"
0.037366666666666666,"frozenset({'Cereal', 'Honey'})"
0.039233333333333335,"frozenset({'Cereal', 'Ice Cream'})"
0.0389,"frozenset({'Cereal', 'Juice'})"
0.03713333333333333,"frozenset({'Cereal', 'Lentil'})"
0.09506666666666666,"frozenset({'Cereal', 'Milk'})"
0.0356,"frozenset({'Cereal', 'Minced Meat'})"
0.03843333333333333,"frozenset({'Cereal', 'Onion'})"
0.03846666666666667,"frozenset({'Orange', 'Cereal'})"
0.03663333333333333,"frozenset({'Cereal', 'Pizza'})"
0.038,"frozenset({'Cereal', 'Potato'})"
0.037866666666666667,"frozenset({'Cereal', 'Rice'})"
0.0371,"frozenset({'Cereal', 'Sausage'})"
0.0374,"frozenset({'Cereal', 'Shampoo'})"
0.03763333333333333,"frozenset({'Cereal', 'Soap'})"
0.0394,"frozenset({'Soda', 'Cereal'})"
0.037366666666666666,"frozenset({'Cereal', 'Strawberry'})"
0.0383,"frozenset({'Cereal', 'Tomato'})"
0.0367,"frozenset({'Cereal', 'Water'})"
0.037866666666666667,"frozenset({'Cereal', 'Yogurt'})"
0.026866666666666667,"frozenset({'Cheese', 'Chicken'})"
0.0269,"frozenset({'Cheese', 'Chickpeas'})"
0.026,"frozenset({'Chips', 'Cheese'})"
0.0274,"frozenset({'Chocolate', 'Cheese'})"
0.0266,"frozenset({'Cheese', 'Cola'})"
0.0266,"frozenset({'Cheese', 'Cookie'})"
0.025733333333333334,"frozenset({'Cheese', 'Cracker'})"
0.027333333333333334,"frozenset({'Cheese', 'Cucumber'})"
0.0266,"frozenset({'Cheese', 'Detergent'})"
0.028,"frozenset({'Cheese', 'Dish Sponge'})"
0.027266666666666668,"frozenset({'Cheese', 'Dumpling'})"
0.0262,"frozenset({'Cheese', 'Egg'})"
0.026733333333333335,"frozenset({'Fish', 'Cheese'})"
0.026033333333333332,"frozenset({'Flatbread with Meat', 'Cheese'})"
0.028633333333333334,"frozenset({'Honey', 'Cheese'})"
0.029633333333333334,"frozenset({'Cheese', 'Ice Cream'})"
0.027466666666666667,"frozenset({'Cheese', 'Juice'})"
0.027666666666666666,"frozenset({'Cheese', 'Lentil'})"
0.027533333333333333,"frozenset({'Cheese', 'Milk'})"
0.027166666666666665,"frozenset({'Cheese', 'Minced Meat'})"
0.0261,"frozenset({'Cheese', 'Onion'})"
0.027566666666666666,"frozenset({'Orange', 'Cheese'})"
0.0255,"frozenset({'Cheese', 'Pizza'})"
0.025166666666666667,"frozenset({'Cheese', 'Potato'})"
0.026633333333333332,"frozenset({'Cheese', 'Rice'})"
0.027633333333333333,"frozenset({'Cheese', 'Sausage'})"
0.0275,"frozenset({'Cheese', 'Shampoo'})"
0.0266,"frozenset({'Cheese', 'Soap'})"
0.027366666666666668,"frozenset({'Soda', 'Cheese'})"
0.026866666666666667,"frozenset({'Cheese', 'Strawberry'})"
0.026266666666666667,"frozenset({'Tomato', 'Cheese'})"
0.026933333333333333,"frozenset({'Water', 'Cheese'})"
0.027266666666666668,"frozenset({'Cheese', 'Yogurt'})"
0.0273,"frozenset({'Chicken', 'Chickpeas'})"
0.026133333333333335,"frozenset({'Chips', 'Chicken'})"
0.026933333333333333,"frozenset({'Chocolate', 'Chicken'})"
0.028,"frozenset({'Chicken', 'Cola'})"
0.026633333333333332,"frozenset({'Cookie', 'Chicken'})"
0.0273,"frozenset({'Chicken', 'Cracker'})"
0.026233333333333334,"frozenset({'Chicken', 'Cucumber'})"
0.025466666666666665,"frozenset({'Chicken', 'Detergent'})"
0.0279,"frozenset({'Chicken', 'Dish Sponge'})"
0.025933333333333333,"frozenset({'Chicken', 'Dumpling'})"
0.028266666666666666,"frozenset({'Chicken', 'Egg'})"
0.028333333333333332,"frozenset({'Fish', 'Chicken'})"
0.0267,"frozenset({'Flatbread with Meat', 'Chicken'})"
0.027533333333333333,"frozenset({'Honey', 'Chicken'})"
0.0282,"frozenset({'Ice Cream', 'Chicken'})"
0.026733333333333335,"frozenset({'Chicken', 'Juice'})"
0.026833333333333334,"frozenset({'Lentil', 'Chicken'})"
0.0266,"frozenset({'Chicken', 'Milk'})"
0.027366666666666668,"frozenset({'Chicken', 'Minced Meat'})"
0.028233333333333333,"frozenset({'Chicken', 'Onion'})"
0.025833333333333333,"frozenset({'Orange', 'Chicken'})"
0.026166666666666668,"frozenset({'Pizza', 'Chicken'})"
0.025,"frozenset({'Chicken', 'Potato'})"
0.0267,"frozenset({'Chicken', 'Rice'})"
0.026866666666666667,"frozenset({'Chicken', 'Sausage'})"
0.0273,"frozenset({'Chicken', 'Shampoo'})"
0.0254,"frozenset({'Chicken', 'Soap'})"
0.027733333333333332,"frozenset({'Soda', 'Chicken'})"
0.026533333333333332,"frozenset({'Chicken', 'Strawberry'})"
0.027266666666666668,"frozenset({'Tomato', 'Chicken'})"
0.026233333333333334,"frozenset({'Water', 'Chicken'})"
0.0266,"frozenset({'Chicken', 'Yogurt'})"
0.0264,"frozenset({'Chips', 'Chickpeas'})"
0.026333333333333334,"frozenset({'Chocolate', 'Chickpeas'})"
0.027,"frozenset({'Cola', 'Chickpeas'})"
0.0261,"frozenset({'Cookie', 'Chickpeas'})"
0.0253,"frozenset({'Cracker', 'Chickpeas'})"
0.026466666666666666,"frozenset({'Cucumber', 'Chickpeas'})"
0.025766666666666667,"frozenset({'Chickpeas', 'Detergent'})"
0.027133333333333332,"frozenset({'Dish Sponge', 'Chickpeas'})"
0.02493333333333333,"frozenset({'Dumpling', 'Chickpeas'})"
0.02666666666666667,"frozenset({'Egg', 'Chickpeas'})"
0.0265,"frozenset({'Fish', 'Chickpeas'})"
0.026,"frozenset({'Flatbread with Meat', 'Chickpeas'})"
0.025433333333333332,"frozenset({'Honey', 'Chickpeas'})"
0.027766666666666665,"frozenset({'Ice Cream', 'Chickpeas'})"
0.027933333333333334,"frozenset({'Juice', 'Chickpeas'})"
0.026866666666666667,"frozenset({'Lentil', 'Chickpeas'})"
0.026533333333333332,"frozenset({'Milk', 'Chickpeas'})"
0.0273,"frozenset({'Chickpeas', 'Minced Meat'})"
0.0259,"frozenset({'Chickpeas', 'Onion'})"
0.026066666666666665,"frozenset({'Orange', 'Chickpeas'})"
0.0264,"frozenset({'Pizza', 'Chickpeas'})"
0.0257,"frozenset({'Potato', 'Chickpeas'})"
0.027433333333333334,"frozenset({'Rice', 'Chickpeas'})"
0.027433333333333334,"frozenset({'Chickpeas', 'Sausage'})"
0.027266666666666668,"frozenset({'Chickpeas', 'Shampoo'})"
0.027266666666666668,"frozenset({'Soap', 'Chickpeas'})"
0.0265,"frozenset({'Soda', 'Chickpeas'})"
0.0259,"frozenset({'Strawberry', 'Chickpeas'})"
0.0263,"frozenset({'Tomato', 'Chickpeas'})"
0.026166666666666668,"frozenset({'Water', 'Chickpeas'})"
0.0281,"frozenset({'Yogurt', 'Chickpeas'})"
0.0269,"frozenset({'Chips', 'Chocolate'})"
0.025233333333333333,"frozenset({'Chips', 'Cola'})"
0.026133333333333335,"frozenset({'Chips', 'Cookie'})"
0.027633333333333333,"frozenset({'Chips', 'Cracker'})"
0.025966666666666666,"frozenset({'Chips', 'Cucumber'})"
0.025233333333333333,"frozenset({'Chips', 'Detergent'})"
0.0264,"frozenset({'Chips', 'Dish Sponge'})"
0.026833333333333334,"frozenset({'Chips', 'Dumpling'})"
0.0257,"frozenset({'Chips', 'Egg'})"
0.0256,"frozenset({'Chips', 'Fish'})"
0.026133333333333335,"frozenset({'Chips', 'Flatbread with Meat'})"
0.026366666666666667,"frozenset({'Chips', 'Honey'})"
0.02666666666666667,"frozenset({'Chips', 'Ice Cream'})"
0.027,"frozenset({'Chips', 'Juice'})"
0.026033333333333332,"frozenset({'Chips', 'Lentil'})"
0.025766666666666667,"frozenset({'Chips', 'Milk'})"
0.026233333333333334,"frozenset({'Chips', 'Minced Meat'})"
0.02666666666666667,"frozenset({'Chips', 'Onion'})"
0.0261,"frozenset({'Chips', 'Orange'})"
0.0262,"frozenset({'Chips', 'Pizza'})"
0.0252,"frozenset({'Chips', 'Potato'})"
0.027266666666666668,"frozenset({'Chips', 'Rice'})"
0.02666666666666667,"frozenset({'Chips', 'Sausage'})"
0.0265,"frozenset({'Chips', 'Shampoo'})"
0.0256,"frozenset({'Chips', 'Soap'})"
0.027133333333333332,"frozenset({'Chips', 'Soda'})"
0.0259,"frozenset({'Chips', 'Strawberry'})"
0.026466666666666666,"frozenset({'Chips', 'Tomato'})"
0.0253,"frozenset({'Chips', 'Water'})"
0.025166666666666667,"frozenset({'Chips', 'Yogurt'})"
0.025966666666666666,"frozenset({'Chocolate', 'Cola'})"
0.02666666666666667,"frozenset({'Chocolate', 'Cookie'})"
0.0254,"frozenset({'Chocolate', 'Cracker'})"
0.0258,"frozenset({'Chocolate', 'Cucumber'})"
0.024666666666666667,"frozenset({'Chocolate', 'Detergent'})"
0.026333333333333334,"frozenset({'Chocolate', 'Dish Sponge'})"
0.0267,"frozenset({'Chocolate', 'Dumpling'})"
0.0248,"frozenset({'Chocolate', 'Egg'})"
0.0261,"frozenset({'Fish', 'Chocolate'})"
0.026433333333333333,"frozenset({'Flatbread with Meat', 'Chocolate'})"
0.0255,"frozenset({'Chocolate', 'Honey'})"
0.0253,"frozenset({'Chocolate', 'Ice Cream'})"
0.0266,"frozenset({'Chocolate', 'Juice'})"
0.024966666666666668,"frozenset({'Chocolate', 'Lentil'})"
0.0263,"frozenset({'Chocolate', 'Milk'})"
0.02666666666666667,"frozenset({'Chocolate', 'Minced Meat'})"
0.024366666666666665,"frozenset({'Chocolate', 'Onion'})"
0.026566666666666666,"frozenset({'Orange', 'Chocolate'})"
0.025633333333333334,"frozenset({'Chocolate', 'Pizza'})"
0.026133333333333335,"frozenset({'Chocolate', 'Potato'})"
0.0269,"frozenset({'Chocolate', 'Rice'})"
0.0278,"frozenset({'Chocolate', 'Sausage'})"
0.027,"frozenset({'Chocolate', 'Shampoo'})"
0.025566666666666668,"frozenset({'Chocolate', 'Soap'})"
0.028066666666666667,"frozenset({'Soda', 'Chocolate'})"
0.0271,"frozenset({'Chocolate', 'Strawberry'})"
0.025266666666666666,"frozenset({'Chocolate', 'Tomato'})"
0.023766666666666665,"frozenset({'Water', 'Chocolate'})"
0.024766666666666666,"frozenset({'Chocolate', 'Yogurt'})"
0.0279,"frozenset({'Cookie', 'Cola'})"
0.0275,"frozenset({'Cracker', 'Cola'})"
0.025733333333333334,"frozenset({'Cucumber', 'Cola'})"
0.0263,"frozenset({'Cola', 'Detergent'})"
0.02666666666666667,"frozenset({'Dish Sponge', 'Cola'})"
0.026466666666666666,"frozenset({'Dumpling', 'Cola'})"
0.026466666666666666,"frozenset({'Egg', 'Cola'})"
0.0266,"frozenset({'Fish', 'Cola'})"
0.027266666666666668,"frozenset({'Flatbread with Meat', 'Cola'})"
0.026133333333333335,"frozenset({'Honey', 'Cola'})"
0.0279,"frozenset({'Ice Cream', 'Cola'})"
0.02666666666666667,"frozenset({'Juice', 'Cola'})"
0.025866666666666666,"frozenset({'Lentil', 'Cola'})"
0.025933333333333333,"frozenset({'Milk', 'Cola'})"
0.0257,"frozenset({'Cola', 'Minced Meat'})"
0.025966666666666666,"frozenset({'Cola', 'Onion'})"
0.02666666666666667,"frozenset({'Orange', 'Cola'})"
0.026866666666666667,"frozenset({'Pizza', 'Cola'})"
0.025,"frozenset({'Potato', 'Cola'})"
0.025866666666666666,"frozenset({'Rice', 'Cola'})"
0.027266666666666668,"frozenset({'Cola', 'Sausage'})"
0.027866666666666668,"frozenset({'Cola', 'Shampoo'})"
0.027066666666666666,"frozenset({'Cola', 'Soap'})"
0.027266666666666668,"frozenset({'Soda', 'Cola'})"
0.026033333333333332,"frozenset({'Strawberry', 'Cola'})"
0.0272,"frozenset({'Tomato', 'Cola'})"
0.026266666666666667,"frozenset({'Water', 'Cola'})"
0.027133333333333332,"frozenset({'Yogurt', 'Cola'})"
0.027133333333333332,"frozenset({'Cookie', 'Cracker'})"
0.025833333333333333,"frozenset({'Cookie', 'Cucumber'})"
0.0259,"frozenset({'Cookie', 'Detergent'})"
0.0273,"frozenset({'Cookie', 'Dish Sponge'})"
0.025966666666666666,"frozenset({'Cookie', 'Dumpling'})"
0.02666666666666667,"frozenset({'Cookie', 'Egg'})"
0.0256,"frozenset({'Fish', 'Cookie'})"
0.0258,"frozenset({'Flatbread with Meat', 'Cookie'})"
0.027566666666666666,"frozenset({'Honey', 'Cookie'})"
0.027833333333333335,"frozenset({'Cookie', 'Ice Cream'})"
0.0269,"frozenset({'Cookie', 'Juice'})"
0.0259,"frozenset({'Lentil', 'Cookie'})"
0.0291,"frozenset({'Cookie', 'Milk'})"
0.027566666666666666,"frozenset({'Cookie', 'Minced Meat'})"
0.026466666666666666,"frozenset({'Cookie', 'Onion'})"
0.027366666666666668,"frozenset({'Orange', 'Cookie'})"
0.024133333333333333,"frozenset({'Cookie', 'Pizza'})"
0.027333333333333334,"frozenset({'Cookie', 'Potato'})"
0.0256,"frozenset({'Cookie', 'Rice'})"
0.027533333333333333,"frozenset({'Cookie', 'Sausage'})"
0.0264,"frozenset({'Cookie', 'Shampoo'})"
0.0262,"frozenset({'Cookie', 'Soap'})"
0.027,"frozenset({'Soda', 'Cookie'})"
0.026833333333333334,"frozenset({'Cookie', 'Strawberry'})"
0.026866666666666667,"frozenset({'Tomato', 'Cookie'})"
0.025033333333333335,"frozenset({'Water', 'Cookie'})"
0.026766666666666668,"frozenset({'Cookie', 'Yogurt'})"
0.025333333333333333,"frozenset({'Cracker', 'Cucumber'})"
0.025333333333333333,"frozenset({'Cracker', 'Detergent'})"
0.0259,"frozenset({'Cracker', 'Dish Sponge'})"
0.0263,"frozenset({'Cracker', 'Dumpling'})"
0.025933333333333333,"frozenset({'Cracker', 'Egg'})"
0.0269,"frozenset({'Fish', 'Cracker'})"
0.0268,"frozenset({'Flatbread with Meat', 'Cracker'})"
0.025833333333333333,"frozenset({'Honey', 'Cracker'})"
0.029066666666666668,"frozenset({'Ice Cream', 'Cracker'})"
0.027933333333333334,"frozenset({'Cracker', 'Juice'})"
0.026633333333333332,"frozenset({'Lentil', 'Cracker'})"
0.025133333333333334,"frozenset({'Milk', 'Cracker'})"
0.0272,"frozenset({'Cracker', 'Minced Meat'})"
0.0274,"frozenset({'Cracker', 'Onion'})"
0.025966666666666666,"frozenset({'Orange', 'Cracker'})"
0.0264,"frozenset({'Pizza', 'Cracker'})"
0.025966666666666666,"frozenset({'Cracker', 'Potato'})"
0.027966666666666667,"frozenset({'Rice', 'Cracker'})"
0.026566666666666666,"frozenset({'Cracker', 'Sausage'})"
0.0261,"frozenset({'Cracker', 'Shampoo'})"
0.027433333333333334,"frozenset({'Cracker', 'Soap'})"
0.02666666666666667,"frozenset({'Soda', 'Cracker'})"
0.026366666666666667,"frozenset({'Cracker', 'Strawberry'})"
0.026166666666666668,"frozenset({'Tomato', 'Cracker'})"
0.026133333333333335,"frozenset({'Water', 'Cracker'})"
0.0262,"frozenset({'Cracker', 'Yogurt'})"
0.024766666666666666,"frozenset({'Cucumber', 'Detergent'})"
0.025833333333333333,"frozenset({'Cucumber', 'Dish Sponge'})"
0.0258,"frozenset({'Dumpling', 'Cucumber'})"
0.025966666666666666,"frozenset({'Egg', 'Cucumber'})"
0.024533333333333334,"frozenset({'Fish', 'Cucumber'})"
0.026466666666666666,"frozenset({'Flatbread with Meat', 'Cucumber'})"
0.025866666666666666,"frozenset({'Honey', 'Cucumber'})"
0.025833333333333333,"frozenset({'Ice Cream', 'Cucumber'})"
0.0258,"frozenset({'Juice', 'Cucumber'})"
0.026433333333333333,"frozenset({'Lentil', 'Cucumber'})"
0.026166666666666668,"frozenset({'Milk', 'Cucumber'})"
0.025866666666666666,"frozenset({'Cucumber', 'Minced Meat'})"
0.02666666666666667,"frozenset({'Cucumber', 'Onion'})"
0.0266,"frozenset({'Orange', 'Cucumber'})"
0.025066666666666668,"frozenset({'Pizza', 'Cucumber'})"
0.025533333333333335,"frozenset({'Cucumber', 'Potato'})"
0.0258,"frozenset({'Rice', 'Cucumber'})"
0.026333333333333334,"frozenset({'Cucumber', 'Sausage'})"
0.0262,"frozenset({'Cucumber', 'Shampoo'})"
0.026933333333333333,"frozenset({'Cucumber', 'Soap'})"
0.027133333333333332,"frozenset({'Soda', 'Cucumber'})"
0.024466666666666668,"frozenset({'Strawberry', 'Cucumber'})"
0.026433333333333333,"frozenset({'Tomato', 'Cucumber'})"
0.026433333333333333,"frozenset({'Water', 'Cucumber'})"
0.025333333333333333,"frozenset({'Yogurt', 'Cucumber'})"
0.0263,"frozenset({'Dish Sponge', 'Detergent'})"
0.025633333333333334,"frozenset({'Dumpling', 'Detergent'})"
0.025766666666666667,"frozenset({'Egg', 'Detergent'})"
0.025166666666666667,"frozenset({'Fish', 'Detergent'})"
0.02493333333333333,"frozenset({'Flatbread with Meat', 'Detergent'})"
0.025566666666666668,"frozenset({'Honey', 'Detergent'})"
0.026133333333333335,"frozenset({'Ice Cream', 'Detergent'})"
0.025333333333333333,"frozenset({'Juice', 'Detergent'})"
0.024866666666666665,"frozenset({'Lentil', 'Detergent'})"
0.0253,"frozenset({'Milk', 'Detergent'})"
0.0261,"frozenset({'Detergent', 'Minced Meat'})"
0.025866666666666666,"frozenset({'Detergent', 'Onion'})"
0.024533333333333334,"frozenset({'Orange', 'Detergent'})"
0.023766666666666665,"frozenset({'Pizza', 'Detergent'})"
0.025233333333333333,"frozenset({'Potato', 'Detergent'})"
0.025266666666666666,"frozenset({'Rice', 'Detergent'})"
0.025966666666666666,"frozenset({'Detergent', 'Sausage'})"
0.025366666666666666,"frozenset({'Detergent', 'Shampoo'})"
0.026866666666666667,"frozenset({'Soap', 'Detergent'})"
0.0257,"frozenset({'Soda', 'Detergent'})"
0.0256,"frozenset({'Strawberry', 'Detergent'})"
0.025566666666666668,"frozenset({'Tomato', 'Detergent'})"
0.023633333333333333,"frozenset({'Water', 'Detergent'})"
0.025833333333333333,"frozenset({'Yogurt', 'Detergent'})"
0.026933333333333333,"frozenset({'Dumpling', 'Dish Sponge'})"
0.0266,"frozenset({'Egg', 'Dish Sponge'})"
0.0256,"frozenset({'Fish', 'Dish Sponge'})"
0.027366666666666668,"frozenset({'Flatbread with Meat', 'Dish Sponge'})"
0.027766666666666665,"frozenset({'Honey', 'Dish Sponge'})"
0.027833333333333335,"frozenset({'Ice Cream', 'Dish Sponge'})"
0.024966666666666668,"frozenset({'Juice', 'Dish Sponge'})"
0.0263,"frozenset({'Lentil', 'Dish Sponge'})"
0.024533333333333334,"frozenset({'Milk', 'Dish Sponge'})"
0.0259,"frozenset({'Dish Sponge', 'Minced Meat'})"
0.025833333333333333,"frozenset({'Dish Sponge', 'Onion'})"
0.027133333333333332,"frozenset({'Orange', 'Dish Sponge'})"
0.0255,"frozenset({'Pizza', 'Dish Sponge'})"
0.026633333333333332,"frozenset({'Dish Sponge', 'Potato'})"
0.0265,"frozenset({'Rice', 'Dish Sponge'})"
0.026766666666666668,"frozenset({'Dish Sponge', 'Sausage'})"
0.0278,"frozenset({'Dish Sponge', 'Shampoo'})"
0.0279,"frozenset({'Dish Sponge', 'Soap'})"
0.0277,"frozenset({'Soda', 'Dish Sponge'})"
0.0266,"frozenset({'Strawberry', 'Dish Sponge'})"
0.026166666666666668,"frozenset({'Tomato', 'Dish Sponge'})"
0.024333333333333332,"frozenset({'Water', 'Dish Sponge'})"
0.0262,"frozenset({'Yogurt', 'Dish Sponge'})"
0.026733333333333335,"frozenset({'Dumpling', 'Egg'})"
0.025866666666666666,"frozenset({'Fish', 'Dumpling'})"
0.026233333333333334,"frozenset({'Flatbread with Meat', 'Dumpling'})"
0.026766666666666668,"frozenset({'Honey', 'Dumpling'})"
0.027,"frozenset({'Ice Cream', 'Dumpling'})"
0.0269,"frozenset({'Juice', 'Dumpling'})"
0.025666666666666667,"frozenset({'Lentil', 'Dumpling'})"
0.025633333333333334,"frozenset({'Milk', 'Dumpling'})"
0.0273,"frozenset({'Dumpling', 'Minced Meat'})"
0.025233333333333333,"frozenset({'Dumpling', 'Onion'})"
0.027033333333333333,"frozenset({'Orange', 'Dumpling'})"
0.0258,"frozenset({'Pizza', 'Dumpling'})"
0.026166666666666668,"frozenset({'Dumpling', 'Potato'})"
0.0268,"frozenset({'Rice', 'Dumpling'})"
0.025866666666666666,"frozenset({'Dumpling', 'Sausage'})"
0.026,"frozenset({'Dumpling', 'Shampoo'})"
0.026133333333333335,"frozenset({'Dumpling', 'Soap'})"
0.025633333333333334,"frozenset({'Soda', 'Dumpling'})"
0.025666666666666667,"frozenset({'Dumpling', 'Strawberry'})"
0.0266,"frozenset({'Tomato', 'Dumpling'})"
0.025366666666666666,"frozenset({'Water', 'Dumpling'})"
0.026633333333333332,"frozenset({'Dumpling', 'Yogurt'})"
0.0256,"frozenset({'Fish', 'Egg'})"
0.0267,"frozenset({'Flatbread with Meat', 'Egg'})"
0.025133333333333334,"frozenset({'Honey', 'Egg'})"
0.026966666666666667,"frozenset({'Ice Cream', 'Egg'})"
0.025766666666666667,"frozenset({'Juice', 'Egg'})"
0.026033333333333332,"frozenset({'Lentil', 'Egg'})"
0.026866666666666667,"frozenset({'Milk', 'Egg'})"
0.025833333333333333,"frozenset({'Egg', 'Minced Meat'})"
0.026633333333333332,"frozenset({'Egg', 'Onion'})"
0.025666666666666667,"frozenset({'Orange', 'Egg'})"
0.025666666666666667,"frozenset({'Pizza', 'Egg'})"
0.0246,"frozenset({'Egg', 'Potato'})"
0.0252,"frozenset({'Rice', 'Egg'})"
0.0253,"frozenset({'Egg', 'Sausage'})"
0.0266,"frozenset({'Egg', 'Shampoo'})"
0.026533333333333332,"frozenset({'Egg', 'Soap'})"
0.027766666666666665,"frozenset({'Soda', 'Egg'})"
0.028266666666666666,"frozenset({'Egg', 'Strawberry'})"
0.026366666666666667,"frozenset({'Tomato', 'Egg'})"
0.025966666666666666,"frozenset({'Water', 'Egg'})"
0.026133333333333335,"frozenset({'Egg', 'Yogurt'})"
0.0254,"frozenset({'Flatbread with Meat', 'Fish'})"
0.026333333333333334,"frozenset({'Fish', 'Honey'})"
0.02723333333333333,"frozenset({'Fish', 'Ice Cream'})"
0.026266666666666667,"frozenset({'Fish', 'Juice'})"
0.026233333333333334,"frozenset({'Fish', 'Lentil'})"
0.027133333333333332,"frozenset({'Fish', 'Milk'})"
0.0261,"frozenset({'Fish', 'Minced Meat'})"
0.024666666666666667,"frozenset({'Fish', 'Onion'})"
0.026833333333333334,"frozenset({'Orange', 'Fish'})"
0.025766666666666667,"frozenset({'Fish', 'Pizza'})"
0.0266,"frozenset({'Fish', 'Potato'})"
0.02666666666666667,"frozenset({'Fish', 'Rice'})"
0.0279,"frozenset({'Fish', 'Sausage'})"
0.026066666666666665,"frozenset({'Fish', 'Shampoo'})"
0.027466666666666667,"frozenset({'Fish', 'Soap'})"
0.027966666666666667,"frozenset({'Soda', 'Fish'})"
0.0264,"frozenset({'Fish', 'Strawberry'})"
0.025766666666666667,"frozenset({'Fish', 'Tomato'})"
0.0271,"frozenset({'Water', 'Fish'})"
0.028166666666666666,"frozenset({'Fish', 'Yogurt'})"
0.026333333333333334,"frozenset({'Flatbread with Meat', 'Honey'})"
0.026433333333333333,"frozenset({'Flatbread with Meat', 'Ice Cream'})"
0.027066666666666666,"frozenset({'Flatbread with Meat', 'Juice'})"
0.026633333333333332,"frozenset({'Flatbread with Meat', 'Lentil'})"
0.0272,"frozenset({'Flatbread with Meat', 'Milk'})"
0.025933333333333333,"frozenset({'Flatbread with Meat', 'Minced Meat'})"
0.0275,"frozenset({'Flatbread with Meat', 'Onion'})"
0.027133333333333332,"frozenset({'Flatbread with Meat', 'Orange'})"
0.024666666666666667,"frozenset({'Flatbread with Meat', 'Pizza'})"
0.026933333333333333,"frozenset({'Flatbread with Meat', 'Potato'})"
0.0247,"frozenset({'Flatbread with Meat', 'Rice'})"
0.0268,"frozenset({'Flatbread with Meat', 'Sausage'})"
0.026966666666666667,"frozenset({'Flatbread with Meat', 'Shampoo'})"
0.026033333333333332,"frozenset({'Flatbread with Meat', 'Soap'})"
0.0264,"frozenset({'Soda', 'Flatbread with Meat'})"
0.0258,"frozenset({'Flatbread with Meat', 'Strawberry'})"
0.026266666666666667,"frozenset({'Flatbread with Meat', 'Tomato'})"
0.026333333333333334,"frozenset({'Flatbread with Meat', 'Water'})"
0.026333333333333334,"frozenset({'Flatbread with Meat', 'Yogurt'})"
0.027466666666666667,"frozenset({'Honey', 'Ice Cream'})"
0.024566666666666667,"frozenset({'Honey', 'Juice'})"
0.0254,"frozenset({'Honey', 'Lentil'})"
0.025566666666666668,"frozenset({'Honey', 'Milk'})"
0.026833333333333334,"frozenset({'Honey', 'Minced Meat'})"
0.026866666666666667,"frozenset({'Honey', 'Onion'})"
0.025433333333333332,"frozenset({'Orange', 'Honey'})"
0.025766666666666667,"frozenset({'Honey', 'Pizza'})"
0.0264,"frozenset({'Honey', 'Potato'})"
0.025733333333333334,"frozenset({'Honey', 'Rice'})"
0.0257,"frozenset({'Honey', 'Sausage'})"
0.0267,"frozenset({'Honey', 'Shampoo'})"
0.027833333333333335,"frozenset({'Honey', 'Soap'})"
0.027733333333333332,"frozenset({'Soda', 'Honey'})"
0.0251,"frozenset({'Honey', 'Strawberry'})"
0.026,"frozenset({'Tomato', 'Honey'})"
0.0257,"frozenset({'Water', 'Honey'})"
0.0267,"frozenset({'Honey', 'Yogurt'})"
0.027966666666666667,"frozenset({'Ice Cream', 'Juice'})"
0.0275,"frozenset({'Lentil', 'Ice Cream'})"
0.027533333333333333,"frozenset({'Ice Cream', 'Milk'})"
0.028166666666666666,"frozenset({'Ice Cream', 'Minced Meat'})"
0.0276,"frozenset({'Ice Cream', 'Onion'})"
0.028666666666666667,"frozenset({'Orange', 'Ice Cream'})"
0.026233333333333334,"frozenset({'Pizza', 'Ice Cream'})"
0.026233333333333334,"frozenset({'Ice Cream', 'Potato'})"
0.028233333333333333,"frozenset({'Ice Cream', 'Rice'})"
0.0269,"frozenset({'Ice Cream', 'Sausage'})"
0.027866666666666668,"frozenset({'Ice Cream', 'Shampoo'})"
0.02666666666666667,"frozenset({'Ice Cream', 'Soap'})"
0.0266,"frozenset({'Soda', 'Ice Cream'})"
0.027533333333333333,"frozenset({'Ice Cream', 'Strawberry'})"
0.0285,"frozenset({'Tomato', 'Ice Cream'})"
0.026233333333333334,"frozenset({'Water', 'Ice Cream'})"
0.0271,"frozenset({'Ice Cream', 'Yogurt'})"
0.025933333333333333,"frozenset({'Lentil', 'Juice'})"
0.026433333333333333,"frozenset({'Milk', 'Juice'})"
0.025633333333333334,"frozenset({'Juice', 'Minced Meat'})"
0.026933333333333333,"frozenset({'Juice', 'Onion'})"
0.026266666666666667,"frozenset({'Orange', 'Juice'})"
0.0259,"frozenset({'Pizza', 'Juice'})"
0.0262,"frozenset({'Juice', 'Potato'})"
0.026566666666666666,"frozenset({'Rice', 'Juice'})"
0.027633333333333333,"frozenset({'Juice', 'Sausage'})"
0.0264,"frozenset({'Juice', 'Shampoo'})"
0.0277,"frozenset({'Juice', 'Soap'})"
0.0272,"frozenset({'Soda', 'Juice'})"
0.027333333333333334,"frozenset({'Juice', 'Strawberry'})"
0.027266666666666668,"frozenset({'Tomato', 'Juice'})"
0.0267,"frozenset({'Water', 'Juice'})"
0.0275,"frozenset({'Juice', 'Yogurt'})"
0.0253,"frozenset({'Lentil', 'Milk'})"
0.027133333333333332,"frozenset({'Lentil', 'Minced Meat'})"
0.025133333333333334,"frozenset({'Lentil', 'Onion'})"
0.027566666666666666,"frozenset({'Orange', 'Lentil'})"
0.026333333333333334,"frozenset({'Lentil', 'Pizza'})"
0.027466666666666667,"frozenset({'Lentil', 'Potato'})"
0.0258,"frozenset({'Lentil', 'Rice'})"
0.0267,"frozenset({'Lentil', 'Sausage'})"
0.0282,"frozenset({'Lentil', 'Shampoo'})"
0.026866666666666667,"frozenset({'Lentil', 'Soap'})"
0.025166666666666667,"frozenset({'Soda', 'Lentil'})"
0.026866666666666667,"frozenset({'Lentil', 'Strawberry'})"
0.02666666666666667,"frozenset({'Tomato', 'Lentil'})"
0.025166666666666667,"frozenset({'Water', 'Lentil'})"
0.027166666666666665,"frozenset({'Lentil', 'Yogurt'})"
0.025633333333333334,"frozenset({'Milk', 'Minced Meat'})"
0.0263,"frozenset({'Milk', 'Onion'})"
0.026133333333333335,"frozenset({'Orange', 'Milk'})"
0.025133333333333334,"frozenset({'Pizza', 'Milk'})"
0.0261,"frozenset({'Milk', 'Potato'})"
0.026033333333333332,"frozenset({'Rice', 'Milk'})"
0.0262,"frozenset({'Milk', 'Sausage'})"
0.0272,"frozenset({'Milk', 'Shampoo'})"
0.0261,"frozenset({'Milk', 'Soap'})"
0.02723333333333333,"frozenset({'Soda', 'Milk'})"
0.0253,"frozenset({'Milk', 'Strawberry'})"
0.027066666666666666,"frozenset({'Tomato', 'Milk'})"
0.025733333333333334,"frozenset({'Water', 'Milk'})"
0.026133333333333335,"frozenset({'Milk', 'Yogurt'})"
0.025933333333333333,"frozenset({'Onion', 'Minced Meat'})"
0.026166666666666668,"frozenset({'Orange', 'Minced Meat'})"
0.025466666666666665,"frozenset({'Pizza', 'Minced Meat'})"
0.0256,"frozenset({'Potato', 'Minced Meat'})"
0.026266666666666667,"frozenset({'Rice', 'Minced Meat'})"
0.026133333333333335,"frozenset({'Minced Meat', 'Sausage'})"
0.023833333333333335,"frozenset({'Minced Meat', 'Shampoo'})"
0.0258,"frozenset({'Soap', 'Minced Meat'})"
0.028466666666666668,"frozenset({'Soda', 'Minced Meat'})"
0.02723333333333333,"frozenset({'Strawberry', 'Minced Meat'})"
0.027033333333333333,"frozenset({'Tomato', 'Minced Meat'})"
0.024766666666666666,"frozenset({'Water', 'Minced Meat'})"
0.025933333333333333,"frozenset({'Yogurt', 'Minced Meat'})"
0.027766666666666665,"frozenset({'Orange', 'Onion'})"
0.026166666666666668,"frozenset({'Pizza', 'Onion'})"
0.0262,"frozenset({'Potato', 'Onion'})"
0.024266666666666666,"frozenset({'Rice', 'Onion'})"
0.02493333333333333,"frozenset({'Onion', 'Sausage'})"
0.0267,"frozenset({'Onion', 'Shampoo'})"
0.027133333333333332,"frozenset({'Soap', 'Onion'})"
0.0268,"frozenset({'Soda', 'Onion'})"
0.0267,"frozenset({'Strawberry', 'Onion'})"
0.0257,"frozenset({'Tomato', 'Onion'})"
0.025766666666666667,"frozenset({'Water', 'Onion'})"
0.026766666666666668,"frozenset({'Yogurt', 'Onion'})"
0.026866666666666667,"frozenset({'Orange', 'Pizza'})"
0.025333333333333333,"frozenset({'Orange', 'Potato'})"
0.026533333333333332,"frozenset({'Orange', 'Rice'})"
0.0276,"frozenset({'Orange', 'Sausage'})"
0.0272,"frozenset({'Orange', 'Shampoo'})"
0.027,"frozenset({'Orange', 'Soap'})"
0.0286,"frozenset({'Soda', 'Orange'})"
0.026933333333333333,"frozenset({'Orange', 'Strawberry'})"
0.0258,"frozenset({'Orange', 'Tomato'})"
0.026466666666666666,"frozenset({'Orange', 'Water'})"
0.027433333333333334,"frozenset({'Orange', 'Yogurt'})"
0.024866666666666665,"frozenset({'Pizza', 'Potato'})"
0.026533333333333332,"frozenset({'Pizza', 'Rice'})"
0.0273,"frozenset({'Pizza', 'Sausage'})"
0.0263,"frozenset({'Pizza', 'Shampoo'})"
0.026866666666666667,"frozenset({'Pizza', 'Soap'})"
0.026366666666666667,"frozenset({'Soda', 'Pizza'})"
0.0258,"frozenset({'Pizza', 'Strawberry'})"
0.0263,"frozenset({'Tomato', 'Pizza'})"
0.0262,"frozenset({'Water', 'Pizza'})"
0.026333333333333334,"frozenset({'Pizza', 'Yogurt'})"
0.026733333333333335,"frozenset({'Rice', 'Potato'})"
0.027566666666666666,"frozenset({'Potato', 'Sausage'})"
0.026133333333333335,"frozenset({'Potato', 'Shampoo'})"
0.025533333333333335,"frozenset({'Potato', 'Soap'})"
0.027033333333333333,"frozenset({'Soda', 'Potato'})"
0.026333333333333334,"frozenset({'Strawberry', 'Potato'})"
0.024433333333333335,"frozenset({'Tomato', 'Potato'})"
0.0243,"frozenset({'Water', 'Potato'})"
0.0273,"frozenset({'Yogurt', 'Potato'})"
0.0269,"frozenset({'Rice', 'Sausage'})"
0.0264,"frozenset({'Rice', 'Shampoo'})"
0.027466666666666667,"frozenset({'Rice', 'Soap'})"
0.028666666666666667,"frozenset({'Soda', 'Rice'})"
0.0266,"frozenset({'Rice', 'Strawberry'})"
0.026833333333333334,"frozenset({'Tomato', 'Rice'})"
0.0251,"frozenset({'Water', 'Rice'})"
0.0255,"frozenset({'Rice', 'Yogurt'})"
0.026266666666666667,"frozenset({'Shampoo', 'Sausage'})"
0.027766666666666665,"frozenset({'Soap', 'Sausage'})"
0.025966666666666666,"frozenset({'Soda', 'Sausage'})"
0.027333333333333334,"frozenset({'Strawberry', 'Sausage'})"
0.027066666666666666,"frozenset({'Tomato', 'Sausage'})"
0.026866666666666667,"frozenset({'Water', 'Sausage'})"
0.026933333333333333,"frozenset({'Yogurt', 'Sausage'})"
0.027933333333333334,"frozenset({'Soap', 'Shampoo'})"
0.0274,"frozenset({'Soda', 'Shampoo'})"
0.027733333333333332,"frozenset({'Strawberry', 'Shampoo'})"
0.026233333333333334,"frozenset({'Tomato', 'Shampoo'})"
0.025,"frozenset({'Water', 'Shampoo'})"
0.026566666666666666,"frozenset({'Yogurt', 'Shampoo'})"
0.027066666666666666,"frozenset({'Soda', 'Soap'})"
0.025766666666666667,"frozenset({'Strawberry', 'Soap'})"
0.0272,"frozenset({'Tomato', 'Soap'})"
0.027366666666666668,"frozenset({'Water', 'Soap'})"
0.0281,"frozenset({'Yogurt', 'Soap'})"
0.028066666666666667,"frozenset({'Soda', 'Strawberry'})"
0.0264,"frozenset({'Soda', 'Tomato'})"
0.025,"frozenset({'Soda', 'Water'})"
0.027,"frozenset({'Soda', 'Yogurt'})"
0.026266666666666667,"frozenset({'Tomato', 'Strawberry'})"
0.0275,"frozenset({'Water', 'Strawberry'})"
0.026566666666666666,"frozenset({'Strawberry', 'Yogurt'})"
0.025333333333333333,"frozenset({'Water', 'Tomato'})"
0.024966666666666668,"frozenset({'Tomato', 'Yogurt'})"
0.0271,"frozenset({'Water', 'Yogurt'})"
